objectPath,objectName,objectType,id
/Explore/Default,Salesforce_Recipe,Folder,3xJhyE1ToyOfoR2bYYN528
/Explore/Default/Salesforce_Recipe,Prompt Engineering,PROCESS,28SFHN06Zy0kXQCjJo346M
/Explore/Default/Salesforce_Recipe,GeminiAI Agent for Salesforce,PROCESS,3LXtGDGZTRoeT4bAizz6se
/SYS,DESKTOP-TM8K9I5,AgentGroup,befWlGm6zipdARJr0StRso
/Explore/Default/Salesforce_Recipe,GeminiAIAgentConnection,AI_CONNECTION,7j3m5svs6iUle8rNOmWVkd
/Explore/Default/Salesforce_Recipe,SalesforceQueryConnection,AI_CONNECTION,6Tgx5QCBRwVbDdhwqlxHmN
/SYS,Flat_File_Local,Connection,3cOoa9rwOIZb5c84tZ3TY0
/Explore/Default/Salesforce_Recipe,GenerationConfig_PO,PROCESS_OBJECT,2JphsT6RlI4frq86yCs7gz
/Explore/Default/Salesforce_Recipe,Salesforce Executor,PROCESS,0o1ScpTUdZohxFz2ZjxEeS
/Explore/Default/Salesforce_Recipe,SalesforceQueryConnector,AI_SERVICE_CONNECTOR,cEnHnJadHEXeLXU3TDreae
/Explore/Default/Salesforce_Recipe,Mapping1,DTEMPLATE,85H6A2IxBUQjglnScZRbo5
/SYS,Snowflake_Connection_v2,Connection,d5bGYmhxB2Zkvdxt40wdQY
/Explore,Default,Project,1O143p6VyQpbzTyMb8mIMo