{
  "name" : "job-1741477145887",
  "sourceOrgId" : "dAQVm5lFUsicclY3oobGcW",
  "sourceOrgName" : "Capgemini",
  "exportedObjects" : [ {
    "objectGuid" : "3xJhyE1ToyOfoR2bYYN528",
    "objectName" : "Salesforce_Recipe",
    "objectType" : "Folder",
    "path" : "/Explore/Default",
    "metadata" : {
      "modelVersion" : {
        "major" : 0,
        "minor" : 0
      },
      "repoInfo" : null,
      "objectRefs" : [ ],
      "contextAttributes" : [ ],
      "additionalInfo" : {
        "description" : "",
        "contentType" : "Binary",
        "documentState" : "COMPLETE"
      }
    }
  }, {
    "objectGuid" : "28SFHN06Zy0kXQCjJo346M",
    "objectName" : "Prompt Engineering",
    "objectType" : "PROCESS",
    "path" : "/Explore/Default/Salesforce_Recipe",
    "metadata" : {
      "modelVersion" : {
        "major" : 1,
        "minor" : 0
      },
      "repoInfo" : {
        "repoHandle" : "ghNf4TsrT2htghG-gt-7012649-2025-02-26T21:25:14.106Z::pd.xml"
      },
      "objectRefs" : [ "7j3m5svs6iUle8rNOmWVkd" ],
      "contextAttributes" : null,
      "additionalInfo" : {
        "description" : "The process calls the LLM, parses the response, gets a query, and returns the query",
        "contentType" : "application/json; charset=utf-8",
        "documentState" : "VALID"
      }
    }
  }, {
    "objectGuid" : "3LXtGDGZTRoeT4bAizz6se",
    "objectName" : "GeminiAI Agent for Salesforce",
    "objectType" : "PROCESS",
    "path" : "/Explore/Default/Salesforce_Recipe",
    "metadata" : {
      "modelVersion" : {
        "major" : 1,
        "minor" : 0
      },
      "repoInfo" : {
        "repoHandle" : "L2HBxZmtK9hCHbf-gt-7007786-2025-02-26T21:25:14.607Z::pd.xml"
      },
      "objectRefs" : [ "2JphsT6RlI4frq86yCs7gz", "0o1ScpTUdZohxFz2ZjxEeS", "28SFHN06Zy0kXQCjJo346M", "7j3m5svs6iUle8rNOmWVkd" ],
      "contextAttributes" : null,
      "additionalInfo" : {
        "description" : "The process calls the LLM with user prompts and translates them into a list of queries. The queries are executed in a sequence. As each query runs, the LLM creates a new Salesforce query",
        "contentType" : "application/json; charset=utf-8",
        "documentState" : "VALID"
      }
    }
  }, {
    "objectGuid" : "befWlGm6zipdARJr0StRso",
    "objectName" : "DESKTOP-TM8K9I5",
    "objectType" : "AgentGroup",
    "path" : "/SYS",
    "metadata" : {
      "modelVersion" : {
        "major" : 0,
        "minor" : 0
      },
      "repoInfo" : {
        "repoHandle" : "01D5AU2500000000001G"
      },
      "objectRefs" : [ ],
      "contextAttributes" : [ {
        "name" : "id",
        "value" : "@1"
      } ],
      "additionalInfo" : {
        "description" : null,
        "contentType" : "JSON",
        "documentState" : "VALID"
      }
    }
  }, {
    "objectGuid" : "7j3m5svs6iUle8rNOmWVkd",
    "objectName" : "GeminiAIAgentConnection",
    "objectType" : "AI_CONNECTION",
    "path" : "/Explore/Default/Salesforce_Recipe",
    "metadata" : {
      "modelVersion" : {
        "major" : 1,
        "minor" : 0
      },
      "repoInfo" : {
        "repoHandle" : "R3aaa-gt-7012611-2025-02-26T21:25:13.706Z::conn.xml"
      },
      "objectRefs" : [ ],
      "contextAttributes" : null,
      "additionalInfo" : {
        "description" : "Gemini connection",
        "contentType" : "application/json; charset=utf-8",
        "documentState" : "VALID"
      }
    }
  }, {
    "objectGuid" : "6Tgx5QCBRwVbDdhwqlxHmN",
    "objectName" : "SalesforceQueryConnection",
    "objectType" : "AI_CONNECTION",
    "path" : "/Explore/Default/Salesforce_Recipe",
    "metadata" : {
      "modelVersion" : {
        "major" : 1,
        "minor" : 0
      },
      "repoInfo" : {
        "repoHandle" : "bgeHRi92qBbbeJO-gt-7012638-2025-02-26T21:25:14.032Z::conn.xml"
      },
      "objectRefs" : [ "cEnHnJadHEXeLXU3TDreae" ],
      "contextAttributes" : null,
      "additionalInfo" : {
        "description" : "Connection for calling Salesforce using an SOQL request",
        "contentType" : "application/json; charset=utf-8",
        "documentState" : "VALID"
      }
    }
  }, {
    "objectGuid" : "3cOoa9rwOIZb5c84tZ3TY0",
    "objectName" : "Flat_File_Local",
    "objectType" : "Connection",
    "path" : "/SYS",
    "metadata" : {
      "modelVersion" : {
        "major" : 0,
        "minor" : 0
      },
      "repoInfo" : {
        "repoHandle" : "01D5AU0B000000000005"
      },
      "objectRefs" : [ "befWlGm6zipdARJr0StRso" ],
      "contextAttributes" : [ {
        "name" : "id",
        "value" : "@1"
      } ],
      "additionalInfo" : {
        "description" : null,
        "contentType" : "JSON",
        "documentState" : "COMPLETE"
      }
    }
  }, {
    "objectGuid" : "2JphsT6RlI4frq86yCs7gz",
    "objectName" : "GenerationConfig_PO",
    "objectType" : "PROCESS_OBJECT",
    "path" : "/Explore/Default/Salesforce_Recipe",
    "metadata" : {
      "modelVersion" : {
        "major" : 1,
        "minor" : 0
      },
      "repoInfo" : {
        "repoHandle" : "XX4ZnchKGXShOeC-gt-7012627-2025-02-26T21:25:13.79Z::po.xml"
      },
      "objectRefs" : [ ],
      "contextAttributes" : null,
      "additionalInfo" : {
        "description" : "Settings for the prompt request",
        "contentType" : "application/json; charset=utf-8",
        "documentState" : "VALID"
      }
    }
  }, {
    "objectGuid" : "0o1ScpTUdZohxFz2ZjxEeS",
    "objectName" : "Salesforce Executor",
    "objectType" : "PROCESS",
    "path" : "/Explore/Default/Salesforce_Recipe",
    "metadata" : {
      "modelVersion" : {
        "major" : 1,
        "minor" : 0
      },
      "repoInfo" : {
        "repoHandle" : "uk1SwEYrwn2H0Fd-gt-7012666-2025-02-26T21:25:14.334Z::pd.xml"
      },
      "objectRefs" : [ "6Tgx5QCBRwVbDdhwqlxHmN" ],
      "contextAttributes" : null,
      "additionalInfo" : {
        "description" : "The process executes a Salesforce query based on a custom connector using SOQL",
        "contentType" : "application/json; charset=utf-8",
        "documentState" : "VALID"
      }
    }
  }, {
    "objectGuid" : "cEnHnJadHEXeLXU3TDreae",
    "objectName" : "SalesforceQueryConnector",
    "objectType" : "AI_SERVICE_CONNECTOR",
    "path" : "/Explore/Default/Salesforce_Recipe",
    "metadata" : {
      "modelVersion" : {
        "major" : 1,
        "minor" : 0
      },
      "repoInfo" : {
        "repoHandle" : "UTBbcgp5OjG4abc-gt-7012619-2025-02-26T21:25:13.753Z::svc.xml"
      },
      "objectRefs" : [ ],
      "contextAttributes" : null,
      "additionalInfo" : {
        "description" : "Custom Salesforce connector for executing an SOQL request",
        "contentType" : "application/json; charset=utf-8",
        "documentState" : "VALID"
      }
    }
  }, {
    "objectGuid" : "85H6A2IxBUQjglnScZRbo5",
    "objectName" : "Mapping1",
    "objectType" : "DTEMPLATE",
    "path" : "/Explore/Default/Salesforce_Recipe",
    "metadata" : {
      "modelVersion" : {
        "major" : 0,
        "minor" : 0
      },
      "repoInfo" : {
        "repoHandle" : "01D5AU1700000000001A"
      },
      "objectRefs" : [ "3cOoa9rwOIZb5c84tZ3TY0", "d5bGYmhxB2Zkvdxt40wdQY" ],
      "contextAttributes" : [ {
        "name" : "id",
        "value" : "@1"
      } ],
      "additionalInfo" : {
        "description" : "",
        "contentType" : "JSON",
        "documentState" : "VALID"
      }
    }
  }, {
    "objectGuid" : "d5bGYmhxB2Zkvdxt40wdQY",
    "objectName" : "Snowflake_Connection_v2",
    "objectType" : "Connection",
    "path" : "/SYS",
    "metadata" : {
      "modelVersion" : {
        "major" : 0,
        "minor" : 0
      },
      "repoInfo" : {
        "repoHandle" : "01D5AU0B000000000003"
      },
      "objectRefs" : [ "befWlGm6zipdARJr0StRso" ],
      "contextAttributes" : [ {
        "name" : "id",
        "value" : "@1"
      } ],
      "additionalInfo" : {
        "description" : null,
        "contentType" : "JSON",
        "documentState" : "COMPLETE"
      }
    }
  }, {
    "objectGuid" : "1O143p6VyQpbzTyMb8mIMo",
    "objectName" : "Default",
    "objectType" : "Project",
    "path" : "/Explore",
    "metadata" : {
      "modelVersion" : {
        "major" : 0,
        "minor" : 0
      },
      "repoInfo" : null,
      "objectRefs" : [ ],
      "contextAttributes" : [ {
        "name" : "IS_DEF_LOC",
        "value" : "true"
      } ],
      "additionalInfo" : {
        "description" : "Auto-generated Default Project",
        "contentType" : null,
        "documentState" : "COMPLETE"
      }
    }
  } ]
}