<aetgt:getResponse xmlns:aetgt="http://schemas.active-endpoints.com/appmodules/repository/2010/10/avrepository.xsd"
                   xmlns:types1="http://schemas.active-endpoints.com/appmodules/repository/2010/10/avrepository.xsd">
   <types1:Item>
      <types1:EntryId>XX4ZnchKGXShOeC-gt-7012627-2025-02-26T21:25:13.79Z::po.xml</types1:EntryId>
      <types1:Name>GenerationConfig_PO</types1:Name>
      <types1:MimeType>application/xml+processobject</types1:MimeType>
      <types1:Description>Settings for the prompt request</types1:Description>
      <types1:AppliesTo/>
      <types1:Tags/>
      <types1:VersionLabel>1.0</types1:VersionLabel>
      <types1:State>CURRENT</types1:State>
      <types1:ProcessGroup/>
      <types1:CreatedBy>SKD2004@GMAIL.com</types1:CreatedBy>
      <types1:CreationDate>2025-02-26T21:25:14Z</types1:CreationDate>
      <types1:ModifiedBy>SKD2004@GMAIL.com</types1:ModifiedBy>
      <types1:ModificationDate>2025-02-26T21:28:19Z</types1:ModificationDate>
      <types1:PublicationStatus>unpublished</types1:PublicationStatus>
      <types1:Entry>
         <processObject xmlns="http://schemas.active-endpoints.com/appmodules/screenflow/2011/06/avosHostEnvironment.xsd"
                        displayName="GenerationConfig_PO"
                        isByCopy="true"
                        name="GenerationConfig_PO">
            <description>Settings for the prompt request</description>
            <tags/>
            <detail>
               <field label="Stop Sequences"
                      name="stopSequences"
                      nullable="true"
                      required="false"
                      type="string">
                  <options/>
               </field>
               <field label="Candidate Count"
                      name="candidateCount"
                      nullable="true"
                      required="false"
                      type="string">
                  <options/>
               </field>
               <field label="Max Output Tokens"
                      name="maxOutputTokens"
                      nullable="true"
                      required="false"
                      type="string">
                  <options/>
               </field>
               <field label="Temperature"
                      name="temperature"
                      nullable="true"
                      required="false"
                      type="string">
                  <options/>
               </field>
               <field label="Top P"
                      name="topP"
                      nullable="true"
                      required="false"
                      type="string">
                  <options/>
               </field>
               <field label="Top K"
                      name="topK"
                      nullable="true"
                      required="false"
                      type="string">
                  <options/>
               </field>
            </detail>
         </processObject>
      </types1:Entry>
      <types1:GUID>2JphsT6RlI4frq86yCs7gz</types1:GUID>
      <types1:DisplayName>GenerationConfig_PO</types1:DisplayName>
   </types1:Item>
   <types1:CurrentServerDateTime>2025-03-08T23:39:28.933Z</types1:CurrentServerDateTime>
</aetgt:getResponse>
