<aetgt:getResponse xmlns:aetgt="http://schemas.active-endpoints.com/appmodules/repository/2010/10/avrepository.xsd"
                   xmlns:types1="http://schemas.active-endpoints.com/appmodules/repository/2010/10/avrepository.xsd">
   <types1:Item>
      <types1:EntryId>bgeHRi92qBbbeJO-gt-7012638-2025-02-26T21:25:14.032Z::conn.xml</types1:EntryId>
      <types1:Name>SalesforceQueryConnection</types1:Name>
      <types1:ParentFlowIds>uk1SwEYrwn2H0Fd-gt-7012666-2025-02-26T21:25:14.334Z::pd.xml</types1:ParentFlowIds>
      <types1:MimeType>application/xml+connection</types1:MimeType>
      <types1:Description>Connection for calling Salesforce using an SOQL request</types1:Description>
      <types1:AppliesTo/>
      <types1:Tags/>
      <types1:VersionLabel>1.0</types1:VersionLabel>
      <types1:State>CURRENT</types1:State>
      <types1:ProcessGroup/>
      <types1:CreatedBy>SKD2004@GMAIL.com</types1:CreatedBy>
      <types1:CreationDate>2025-02-26T21:25:14Z</types1:CreationDate>
      <types1:ModifiedBy>SKD2004@GMAIL.com</types1:ModifiedBy>
      <types1:ModificationDate>2025-02-27T02:14:56Z</types1:ModificationDate>
      <types1:PublicationStatus>published</types1:PublicationStatus>
      <types1:PublishedBy>SKD2004@GMAIL.com</types1:PublishedBy>
      <types1:PublicationDate>2025-02-27T02:15:11Z</types1:PublicationDate>
      <types1:PublishedContributionId>project:/rt.connection/SalesforceQueryConnection/SalesforceQueryConnection.conn.xml</types1:PublishedContributionId>
      <types1:Entry>
         <connection xmlns="http://schemas.informatica.com/socrates/data-services/2014/04/avosConnections.xsd"
                     displayName="SalesforceQueryConnection"
                     label="SalesforceQueryConnection"
                     name="SalesforceQueryConnection">
            <description>Connection for calling Salesforce using an SOQL request</description>
            <tags/>
            <agent/>
            <attributes>
               <attribute encrypted="false" name="Username" value="skd2004@gmail.com"/>
               <attribute encrypted="true" name="Password" value=""/>
               <attribute encrypted="true" name="Consumer_Key" value=""/>
               <attribute encrypted="true" name="Consumer_Secret" value=""/>
            </attributes>
            <businessConnector xmlns="http://schemas.informatica.com/appmodules/screenflow/2014/04/avosConnectors.xsd"
                               agentOnly="false"
                               connectorPath="project:/rt.connector/SalesforceQueryConnector/SalesforceQueryConnector_svcDef.xml"
                               guid="cEnHnJadHEXeLXU3TDreae"
                               name="SalesforceQueryConnector"
                               supportsConnectionTest="false"
                               uuid="01b11e49-7759-4ea3-9a9d-3116535a12a7">
               <description>Custom Salesforce connector for executing an SOQL request</description>
            </businessConnector>
         </connection>
      </types1:Entry>
      <types1:GUID>6Tgx5QCBRwVbDdhwqlxHmN</types1:GUID>
      <types1:DisplayName>SalesforceQueryConnection</types1:DisplayName>
   </types1:Item>
   <types1:CurrentServerDateTime>2025-03-08T23:39:29.084Z</types1:CurrentServerDateTime>
</aetgt:getResponse>
