<aetgt:getResponse xmlns:aetgt="http://schemas.active-endpoints.com/appmodules/repository/2010/10/avrepository.xsd"
                   xmlns:types1="http://schemas.active-endpoints.com/appmodules/repository/2010/10/avrepository.xsd">
   <types1:Item>
      <types1:EntryId>uk1SwEYrwn2H0Fd-gt-7012666-2025-02-26T21:25:14.334Z::pd.xml</types1:EntryId>
      <types1:Name>Salesforce_Executor</types1:Name>
      <types1:ParentFlowIds>L2HBxZmtK9hCHbf-gt-7007786-2025-02-26T21:25:14.607Z::pd.xml</types1:ParentFlowIds>
      <types1:MimeType>application/xml+process</types1:MimeType>
      <types1:Description>The process executes a Salesforce query based on a custom connector using SOQL</types1:Description>
      <types1:AppliesTo/>
      <types1:Tags>.anonymous</types1:Tags>
      <types1:VersionLabel>1.0</types1:VersionLabel>
      <types1:State>CURRENT</types1:State>
      <types1:ProcessGroup/>
      <types1:CreatedBy>SKD2004@GMAIL.com</types1:CreatedBy>
      <types1:CreationDate>2025-02-26T21:25:14Z</types1:CreationDate>
      <types1:ModifiedBy>SKD2004@GMAIL.com</types1:ModifiedBy>
      <types1:ModificationDate>2025-02-26T21:28:20Z</types1:ModificationDate>
      <types1:PublicationStatus>published</types1:PublicationStatus>
      <types1:PublishedBy>SKD2004@GMAIL.com</types1:PublishedBy>
      <types1:PublicationDate>2025-02-27T02:16:15Z</types1:PublicationDate>
      <types1:PublishedContributionId>project:/spi.Salesforce_Executor/Salesforce_Executor.pd.xml</types1:PublishedContributionId>
      <types1:Entry>
         <process xmlns="http://schemas.active-endpoints.com/appmodules/screenflow/2010/10/avosScreenflow.xsd"
                  xmlns:tfm="http://schemas.active-endpoints.com/appmodules/screenflow/2021/04/taskflowModel.xsd"
                  xmlns:list="urn:activevos:spi:list:functions"
                  GUID="0o1ScpTUdZohxFz2ZjxEeS"
                  displayName="Salesforce Executor"
                  name="Salesforce_Executor"
                  overrideAPIName="false">
            <parameterSet xmlns="http://schemas.active-endpoints.com/appmodules/screenflow/2021/04/taskflowModel.xsd"/>
            <appliesTo/>
            <description>The process executes a Salesforce query based on a custom connector using SOQL</description>
            <tags>.anonymous</tags>
            <generator>Informatica Process Designer 11</generator>
            <input>
               <parameter description="" name="Query" required="true" type="string">
                  <options>
                     <option name="required">false</option>
                  </options>
               </parameter>
            </input>
            <output>
               <field description="" name="Salesforce_Response" type="string">
                  <options>
                     <option name="required">false</option>
                  </options>
               </field>
               <field description="" name="Raw_Response" type="string">
                  <options>
                     <option name="required">false</option>
                  </options>
               </field>
            </output>
            <notes/>
            <deployment skipIfRunning="false" suspendOnFault="false" tracingLevel="none">
               <rest>
                  <allowAnonymousAccess/>
               </rest>
            </deployment>
            <extData>
               <nvpair name="treatEmptyStringAsNotNull">false</nvpair>
               <nvpair name="treatEmptyObjectListAsArray">true</nvpair>
            </extData>
            <flow id="a">
               <start id="b">
                  <link id="lzh4s4zw" targetId="lzh4s4zl"/>
               </start>
               <service id="lzh4s4zl">
                  <title>Get Access Token</title>
                  <serviceName>SalesforceQueryConnection:GetToken</serviceName>
                  <serviceGUID>6Tgx5QCBRwVbDdhwqlxHmN</serviceGUID>
                  <serviceInput/>
                  <link id="lzh4s508" targetId="m06sk4nk"/>
               </service>
               <eventContainer id="m06sk4nk">
                  <service id="lzh4s507">
                     <title>Execute Query</title>
                     <serviceName>SalesforceQueryConnection:Query</serviceName>
                     <serviceGUID>6Tgx5QCBRwVbDdhwqlxHmN</serviceGUID>
                     <serviceInput>
                        <parameter name="q" source="field" updatable="true">input.Query</parameter>
                        <parameter name="token" source="field" updatable="true">output.access_token</parameter>
                        <parameter name="instance_url" source="field" updatable="true">output.instance_url</parameter>
                     </serviceInput>
                  </service>
                  <flow id="m06sk4nm">
                     <link id="m06sk4nn" targetId="m06sk4nk" type="containerLink"/>
                  </flow>
                  <flow id="m06sk4np">
                     <throw id="m06sk4nv">
                        <title>Log an error if query incorrect</title>
                        <throwInput>
                           <parameter name="code" source="constant" updatable="true">Incorrect SOQL query was generated by LLM .</parameter>
                           <parameter name="detail" source="field" updatable="true">output.faultInfo[1]/reason</parameter>
                           <parameter name="reason" source="constant" updatable="true"/>
                        </throwInput>
                     </throw>
                  </flow>
                  <link id="m06sk4nl" targetId="m06sk4nm" type="containerLink"/>
                  <link id="lzh4s50g" targetId="lz9zp3tt"/>
                  <events>
                     <catch faultField="faultInfo" id="m06sk4nj" interrupting="true">
                        <link id="m06sk4no" targetId="m06sk4np" type="containerLink"/>
                     </catch>
                  </events>
               </eventContainer>
               <assignment id="lz9zp3tt">
                  <title>Save Response</title>
                  <operation source="field" to="output.Raw_Response">output.RawResponse</operation>
                  <operation source="field" to="output.Salesforce_Response">output.SalesforceResponse</operation>
                  <link id="lz9zp3tv" targetId="ls9dsjjf"/>
               </assignment>
               <end id="ls9dsjjf">
                  <title>End</title>
               </end>
            </flow>
         </process>
      </types1:Entry>
      <types1:GUID>0o1ScpTUdZohxFz2ZjxEeS</types1:GUID>
      <types1:DisplayName>Salesforce Executor</types1:DisplayName>
   </types1:Item>
   <types1:CurrentServerDateTime>2025-03-08T23:39:29.161Z</types1:CurrentServerDateTime>
</aetgt:getResponse>
