<aetgt:getResponse xmlns:aetgt="http://schemas.active-endpoints.com/appmodules/repository/2010/10/avrepository.xsd"
                   xmlns:types1="http://schemas.active-endpoints.com/appmodules/repository/2010/10/avrepository.xsd">
   <types1:Item>
      <types1:EntryId>UTBbcgp5OjG4abc-gt-7012619-2025-02-26T21:25:13.753Z::svc.xml</types1:EntryId>
      <types1:Name>SalesforceQueryConnector</types1:Name>
      <types1:ParentFlowIds>bgeHRi92qBbbeJO-gt-7012638-2025-02-26T21:25:14.032Z::conn.xml</types1:ParentFlowIds>
      <types1:MimeType>application/xml+businesssconnector</types1:MimeType>
      <types1:Description>Custom Salesforce connector for executing an SOQL request</types1:Description>
      <types1:AppliesTo/>
      <types1:Tags/>
      <types1:VersionLabel>1.0</types1:VersionLabel>
      <types1:State>CURRENT</types1:State>
      <types1:ProcessGroup/>
      <types1:CreatedBy>SKD2004@GMAIL.com</types1:CreatedBy>
      <types1:CreationDate>2025-02-26T21:25:14Z</types1:CreationDate>
      <types1:ModifiedBy>SKD2004@GMAIL.com</types1:ModifiedBy>
      <types1:ModificationDate>2025-02-27T02:09:33Z</types1:ModificationDate>
      <types1:PublicationStatus>published</types1:PublicationStatus>
      <types1:PublishedBy>SKD2004@GMAIL.com</types1:PublishedBy>
      <types1:PublicationDate>2025-02-27T02:09:39Z</types1:PublicationDate>
      <types1:PublishedContributionId>project:/rt.connector/SalesforceQueryConnector/SalesforceQueryConnector_svcDef.xml</types1:PublishedContributionId>
      <types1:Entry>
         <businessConnector xmlns="http://schemas.informatica.com/socrates/data-services/2014/05/business-connector-model.xsd"
                            agentOnly="false"
                            debug="false"
                            displayName="SalesforceQueryConnector"
                            label=""
                            name="SalesforceQueryConnector"
                            uuid="01b11e49-7759-4ea3-9a9d-3116535a12a7">
            <description>Custom Salesforce connector for executing an SOQL request</description>
            <tags/>
            <connectionAttributes xmlns="http://schemas.informatica.com/appmodules/screenflow/2014/04/avosConnectors.xsd">
               <connectionAttribute description=""
                                    label="Username"
                                    masked="false"
                                    name="Username"
                                    required="true"
                                    testWith="skd2004@gmail.com"
                                    type="string"/>
               <connectionAttribute description=""
                                    label="Password"
                                    masked="true"
                                    name="Password"
                                    required="true"
                                    testWith=""
                                    type="string"/>
               <connectionAttribute description=""
                                    label="Consumer_Key"
                                    masked="true"
                                    name="Consumer_Key"
                                    required="true"
                                    testWith=""
                                    type="string"/>
               <connectionAttribute description=""
                                    label="Consumer_Secret"
                                    masked="true"
                                    name="Consumer_Secret"
                                    required="true"
                                    testWith=""
                                    type="string"/>
            </connectionAttributes>
            <actions>
               <action category=""
                       failOnError="true"
                       forSearch="false"
                       label="Query"
                       maxRedirects="100"
                       name="Query"
                       preemptiveAuth="true"
                       responseEncoding="">
                  <description/>
                  <input>
                     <parameter name="q"
                                required="true"
                                testWith="SELECT FIELDS(STANDARD) FROM Task where Owner.FirstName='Bhim'"
                                type="string"/>
                     <parameter name="token"
                                nogen="true"
                                required="true"
                                testWith=""
                                type="string"/>
                     <parameter name="instance_url"
                                nogen="true"
                                required="true"
                                testWith=""
                                type="string"/>
                  </input>
                  <binding>
                     <restSimpleBinding multiUsing="semicolonSeparated"
                                        url="{$instance_url}/services/data/v56.0/query"
                                        verb="GET">
                        <mutualAuth enabled="false">
                           <keyStore mode="file"/>
                           <keyStorePassword/>
                        </mutualAuth>
                        <httpHeaders>
                           <header name="Authorization">Bearer {$token}</header>
                        </httpHeaders>
                     </restSimpleBinding>
                  </binding>
                  <output>
                     <field description="" name="SalesforceResponse" type="string">
                        <xquery>{util:base64Encode($RESTResponse/*:payload/text())}</xquery>
                     </field>
                     <field description="" name="RawResponse" type="string">
                        <xquery>{$RESTResponse/*:payload/text()}</xquery>
                     </field>
                  </output>
               </action>
               <action category=""
                       failOnError="true"
                       forSearch="false"
                       label="GetToken"
                       maxRedirects="100"
                       name="GetToken"
                       preemptiveAuth="true"
                       responseEncoding="">
                  <description/>
                  <input/>
                  <binding>
                     <restSimpleBinding multiUsing="semicolonSeparated"
                                        url="https://login.salesforce.com/services/oauth2/token"
                                        verb="POST">
                        <mutualAuth enabled="false">
                           <keyStore mode="file"/>
                           <keyStorePassword/>
                        </mutualAuth>
                        <otherParams>
                           <otherParam name="grant_type">password</otherParam>
                           <otherParam name="client_id">{$Consumer_Key}</otherParam>
                           <otherParam name="client_secret">{$Consumer_Secret}</otherParam>
                           <otherParam name="username">{$Username}</otherParam>
                           <otherParam name="password">{$Password}</otherParam>
                        </otherParams>
                        <body generateUsing="URL"/>
                     </restSimpleBinding>
                  </binding>
                  <output>
                     <field description=""
                            name="access_token"
                            property="access_token"
                            type="string"/>
                     <field description=""
                            name="instance_url"
                            property="instance_url"
                            type="string"/>
                  </output>
               </action>
            </actions>
            <objects/>
         </businessConnector>
      </types1:Entry>
      <types1:GUID>cEnHnJadHEXeLXU3TDreae</types1:GUID>
      <types1:DisplayName>SalesforceQueryConnector</types1:DisplayName>
   </types1:Item>
   <types1:CurrentServerDateTime>2025-03-08T23:39:28.889Z</types1:CurrentServerDateTime>
</aetgt:getResponse>
